{
  "token_acc":0.9994966021,
  "token_p":0.9974830103,
  "token_r":0.9984882842,
  "token_f":0.9979853941,
  "tag_acc":0.9293183823,
  "pos_acc":0.9337364575,
  "morph_acc":0.9274559194,
  "morph_micro_p":0.9499090527,
  "morph_micro_r":0.9286007386,
  "morph_micro_f":0.9391340434,
  "morph_per_feat":{
    "NumType":{
      "p":0.9696969697,
      "r":0.9275362319,
      "f":0.9481481481
    },
    "Degree":{
      "p":0.9184397163,
      "r":0.8931034483,
      "f":0.9055944056
    },
    "Number":{
      "p":0.9489105935,
      "r":0.9307295505,
      "f":0.9397321429
    },
    "Definite":{
      "p":0.931475029,
      "r":0.8980963046,
      "f":0.9144811859
    },
    "Gender":{
      "p":0.9274952919,
      "r":0.8938294011,
      "f":0.9103512015
    },
    "Mood":{
      "p":0.9577114428,
      "r":0.9390243902,
      "f":0.9482758621
    },
    "Tense":{
      "p":0.9331983806,
      "r":0.922,
      "f":0.9275653924
    },
    "VerbForm":{
      "p":0.9325842697,
      "r":0.9222222222,
      "f":0.9273743017
    },
    "Voice":{
      "p":0.963878327,
      "r":0.9441340782,
      "f":0.9539040452
    },
    "AdpType":{
      "p":0.9952380952,
      "r":0.990521327,
      "f":0.9928741093
    },
    "PronType":{
      "p":0.9815668203,
      "r":0.9793103448,
      "f":0.9804372842
    },
    "Case":{
      "p":0.981981982,
      "r":0.9396551724,
      "f":0.9603524229
    },
    "Person":{
      "p":0.9861111111,
      "r":0.963800905,
      "f":0.9748283753
    },
    "Number[psor]":{
      "p":1.0,
      "r":0.9459459459,
      "f":0.9722222222
    },
    "Poss":{
      "p":1.0,
      "r":0.9459459459,
      "f":0.9722222222
    },
    "PartType":{
      "p":1.0,
      "r":1.0,
      "f":1.0
    },
    "Reflex":{
      "p":1.0,
      "r":1.0,
      "f":1.0
    },
    "Style":{
      "p":1.0,
      "r":0.75,
      "f":0.8571428571
    },
    "Polite":{
      "p":0.0,
      "r":0.0,
      "f":0.0
    }
  },
  "sents_p":0.8093023256,
  "sents_r":0.8055555556,
  "sents_f":0.807424594,
  "dep_uas":0.7661955241,
  "dep_las":0.7066097453,
  "dep_las_per_type":{
    "nummod":{
      "p":0.85,
      "r":0.641509434,
      "f":0.7311827957
    },
    "amod":{
      "p":0.746031746,
      "r":0.7121212121,
      "f":0.7286821705
    },
    "nmod":{
      "p":0.5418994413,
      "r":0.5480225989,
      "f":0.5449438202
    },
    "nsubj":{
      "p":0.7658402204,
      "r":0.7354497354,
      "f":0.7503373819
    },
    "flat":{
      "p":0.7674418605,
      "r":0.88,
      "f":0.8198757764
    },
    "cc":{
      "p":0.7727272727,
      "r":0.7846153846,
      "f":0.7786259542
    },
    "conj":{
      "p":0.5329341317,
      "r":0.5973154362,
      "f":0.5632911392
    },
    "root":{
      "p":0.7441860465,
      "r":0.7407407407,
      "f":0.7424593968
    },
    "advmod":{
      "p":0.6296296296,
      "r":0.6561403509,
      "f":0.6426116838
    },
    "mark":{
      "p":0.8854166667,
      "r":0.85,
      "f":0.8673469388
    },
    "aux":{
      "p":0.8043478261,
      "r":0.874015748,
      "f":0.8377358491
    },
    "ccomp":{
      "p":0.5416666667,
      "r":0.4642857143,
      "f":0.5
    },
    "case":{
      "p":0.8390501319,
      "r":0.8548387097,
      "f":0.8468708389
    },
    "det":{
      "p":0.8468899522,
      "r":0.8984771574,
      "f":0.8719211823
    },
    "obl":{
      "p":0.589958159,
      "r":0.5850622407,
      "f":0.5875
    },
    "nmod:poss":{
      "p":0.5,
      "r":0.5294117647,
      "f":0.5142857143
    },
    "obj":{
      "p":0.7128205128,
      "r":0.7393617021,
      "f":0.725848564
    },
    "cop":{
      "p":0.661971831,
      "r":0.6714285714,
      "f":0.6666666667
    },
    "acl:relcl":{
      "p":0.5636363636,
      "r":0.4626865672,
      "f":0.5081967213
    },
    "compound:prt":{
      "p":0.5,
      "r":0.3571428571,
      "f":0.4166666667
    },
    "advcl":{
      "p":0.46875,
      "r":0.4054054054,
      "f":0.4347826087
    },
    "fixed":{
      "p":0.9285714286,
      "r":0.65,
      "f":0.7647058824
    },
    "iobj":{
      "p":0.5,
      "r":0.25,
      "f":0.3333333333
    },
    "dep":{
      "p":0.05,
      "r":0.2,
      "f":0.08
    },
    "appos":{
      "p":0.4444444444,
      "r":0.2666666667,
      "f":0.3333333333
    },
    "obl:tmod":{
      "p":0.375,
      "r":0.2727272727,
      "f":0.3157894737
    },
    "xcomp":{
      "p":0.5,
      "r":0.2962962963,
      "f":0.3720930233
    },
    "list":{
      "p":0.1666666667,
      "r":0.3333333333,
      "f":0.2222222222
    },
    "advmod:lmod":{
      "p":0.5,
      "r":0.2777777778,
      "f":0.3571428571
    },
    "expl":{
      "p":0.9,
      "r":0.75,
      "f":0.8181818182
    },
    "discourse":{
      "p":0.0,
      "r":0.0,
      "f":0.0
    },
    "parataxis":{
      "p":0.0,
      "r":0.0,
      "f":0.0
    },
    "orphan":{
      "p":0.0,
      "r":0.0,
      "f":0.0
    },
    "obl:lmod":{
      "p":0.0,
      "r":0.0,
      "f":0.0
    }
  },
  "ents_p":0.5924170616,
  "ents_r":0.550660793,
  "ents_f":0.5707762557,
  "ents_per_type":{
    "MISC":{
      "p":0.625,
      "r":0.4545454545,
      "f":0.5263157895
    },
    "ORG":{
      "p":0.5507246377,
      "r":0.5428571429,
      "f":0.5467625899
    },
    "PER":{
      "p":0.6470588235,
      "r":0.5789473684,
      "f":0.6111111111
    },
    "LOC":{
      "p":0.5476190476,
      "r":0.6216216216,
      "f":0.582278481
    }
  },
  "speed":13856.0124440546
}