{
  "token_acc":0.9991230634,
  "token_p":0.9972230342,
  "token_r":0.9978063761,
  "token_f":0.9975146199,
  "tag_acc":0.946021065,
  "pos_acc":0.9494550508,
  "morph_acc":0.9406773462,
  "morph_micro_p":0.9591610605,
  "morph_micro_r":0.9487982463,
  "morph_micro_f":0.9539515113,
  "morph_per_feat":{
    "NumType":{
      "p":1.0,
      "r":0.9435483871,
      "f":0.9709543568
    },
    "Degree":{
      "p":0.9336016097,
      "r":0.9133858268,
      "f":0.9233830846
    },
    "Number":{
      "p":0.9540084388,
      "r":0.9460251046,
      "f":0.95
    },
    "Definite":{
      "p":0.9440514469,
      "r":0.9326556544,
      "f":0.9383189517
    },
    "Gender":{
      "p":0.9382259768,
      "r":0.9255208333,
      "f":0.9318300996
    },
    "Mood":{
      "p":0.9718309859,
      "r":0.9596662031,
      "f":0.9657102869
    },
    "Tense":{
      "p":0.9476082005,
      "r":0.9454545455,
      "f":0.9465301479
    },
    "VerbForm":{
      "p":0.9469350412,
      "r":0.9417652411,
      "f":0.9443430657
    },
    "Voice":{
      "p":0.9737991266,
      "r":0.9591397849,
      "f":0.9664138678
    },
    "AdpType":{
      "p":0.9986206897,
      "r":0.9945054945,
      "f":0.9965588438
    },
    "PronType":{
      "p":0.9865951743,
      "r":0.9865951743,
      "f":0.9865951743
    },
    "Case":{
      "p":0.9803921569,
      "r":0.956937799,
      "f":0.9685230024
    },
    "Person":{
      "p":0.9947780679,
      "r":0.9819587629,
      "f":0.9883268482
    },
    "Number[psor]":{
      "p":1.0,
      "r":1.0,
      "f":1.0
    },
    "Poss":{
      "p":1.0,
      "r":1.0,
      "f":1.0
    },
    "PartType":{
      "p":1.0,
      "r":0.9944134078,
      "f":0.9971988796
    },
    "Foreign":{
      "p":0.5,
      "r":0.2,
      "f":0.2857142857
    },
    "Reflex":{
      "p":1.0,
      "r":1.0,
      "f":1.0
    },
    "Style":{
      "p":1.0,
      "r":0.75,
      "f":0.8571428571
    },
    "Polite":{
      "p":0.0,
      "r":0.0,
      "f":0.0
    }
  },
  "sents_p":0.8844221106,
  "sents_r":0.8888888889,
  "sents_f":0.8866498741,
  "dep_uas":0.7941201607,
  "dep_las":0.741304162,
  "dep_las_per_type":{
    "nummod":{
      "p":0.7397260274,
      "r":0.6835443038,
      "f":0.7105263158
    },
    "amod":{
      "p":0.7424657534,
      "r":0.7832369942,
      "f":0.7623066104
    },
    "nmod":{
      "p":0.5987055016,
      "r":0.6125827815,
      "f":0.6055646481
    },
    "nsubj":{
      "p":0.8180379747,
      "r":0.7917304747,
      "f":0.8046692607
    },
    "flat":{
      "p":0.8244274809,
      "r":0.8709677419,
      "f":0.8470588235
    },
    "cc":{
      "p":0.8066037736,
      "r":0.8221153846,
      "f":0.8142857143
    },
    "conj":{
      "p":0.5942622951,
      "r":0.6331877729,
      "f":0.6131078224
    },
    "root":{
      "p":0.8165829146,
      "r":0.8207070707,
      "f":0.8186397985
    },
    "advmod":{
      "p":0.6564417178,
      "r":0.687366167,
      "f":0.6715481172
    },
    "mark":{
      "p":0.8492307692,
      "r":0.8466257669,
      "f":0.8479262673
    },
    "aux":{
      "p":0.8672566372,
      "r":0.8634361233,
      "f":0.8653421634
    },
    "ccomp":{
      "p":0.5964912281,
      "r":0.6181818182,
      "f":0.6071428571
    },
    "case":{
      "p":0.8670788253,
      "r":0.8738317757,
      "f":0.8704422033
    },
    "det":{
      "p":0.8448275862,
      "r":0.8882175227,
      "f":0.8659793814
    },
    "obl":{
      "p":0.6405063291,
      "r":0.5816091954,
      "f":0.6096385542
    },
    "nmod:poss":{
      "p":0.619047619,
      "r":0.5909090909,
      "f":0.6046511628
    },
    "obj":{
      "p":0.7357954545,
      "r":0.7316384181,
      "f":0.7337110482
    },
    "cop":{
      "p":0.7457627119,
      "r":0.7719298246,
      "f":0.7586206897
    },
    "acl:relcl":{
      "p":0.5945945946,
      "r":0.5454545455,
      "f":0.5689655172
    },
    "compound:prt":{
      "p":0.5454545455,
      "r":0.24,
      "f":0.3333333333
    },
    "advcl":{
      "p":0.479338843,
      "r":0.5272727273,
      "f":0.5021645022
    },
    "fixed":{
      "p":0.8888888889,
      "r":0.7619047619,
      "f":0.8205128205
    },
    "iobj":{
      "p":0.2857142857,
      "r":0.2,
      "f":0.2352941176
    },
    "appos":{
      "p":0.4285714286,
      "r":0.2727272727,
      "f":0.3333333333
    },
    "obl:tmod":{
      "p":1.0,
      "r":0.1428571429,
      "f":0.25
    },
    "xcomp":{
      "p":0.4102564103,
      "r":0.3720930233,
      "f":0.3902439024
    },
    "dep":{
      "p":0.0784313725,
      "r":0.2105263158,
      "f":0.1142857143
    },
    "advmod:lmod":{
      "p":0.6341463415,
      "r":0.7222222222,
      "f":0.6753246753
    },
    "expl":{
      "p":0.7916666667,
      "r":0.7916666667,
      "f":0.7916666667
    },
    "obl:lmod":{
      "p":0.0,
      "r":0.0,
      "f":0.0
    },
    "discourse":{
      "p":0.0,
      "r":0.0,
      "f":0.0
    },
    "list":{
      "p":0.5,
      "r":0.1875,
      "f":0.2727272727
    },
    "parataxis":{
      "p":0.0,
      "r":0.0,
      "f":0.0
    },
    "orphan":{
      "p":0.0,
      "r":0.0,
      "f":0.0
    },
    "vocative":{
      "p":0.0,
      "r":0.0,
      "f":0.0
    }
  },
  "ents_p":0.6742857143,
  "ents_r":0.6310160428,
  "ents_f":0.6519337017,
  "ents_per_type":{
    "PER":{
      "p":0.75,
      "r":0.7734375,
      "f":0.7615384615
    },
    "MISC":{
      "p":0.6307692308,
      "r":0.5324675325,
      "f":0.5774647887
    },
    "LOC":{
      "p":0.6388888889,
      "r":0.71875,
      "f":0.6764705882
    },
    "ORG":{
      "p":0.6172839506,
      "r":0.4761904762,
      "f":0.5376344086
    }
  },
  "speed":11939.8885834547
}