{
  "token_acc":0.9991230634,
  "token_p":0.9972230342,
  "token_r":0.9978063761,
  "token_f":0.9975146199,
  "tag_acc":0.9779110591,
  "pos_acc":0.9767407841,
  "morph_acc":0.9738863287,
  "morph_micro_p":0.9888039107,
  "morph_micro_r":0.9818366868,
  "morph_micro_f":0.9853079824,
  "morph_per_feat":{
    "NumType":{
      "p":0.9917355372,
      "r":0.9677419355,
      "f":0.9795918367
    },
    "Degree":{
      "p":0.9800399202,
      "r":0.9665354331,
      "f":0.9732408325
    },
    "Number":{
      "p":0.98482933,
      "r":0.9778242678,
      "f":0.9813142977
    },
    "Definite":{
      "p":0.9859064702,
      "r":0.9777636595,
      "f":0.9818181818
    },
    "Gender":{
      "p":0.9826132771,
      "r":0.9713541667,
      "f":0.9769512834
    },
    "Mood":{
      "p":0.9972105997,
      "r":0.9944367177,
      "f":0.995821727
    },
    "Tense":{
      "p":0.9863945578,
      "r":0.9886363636,
      "f":0.9875141884
    },
    "VerbForm":{
      "p":0.9890909091,
      "r":0.9899909008,
      "f":0.9895407003
    },
    "Voice":{
      "p":0.9978401728,
      "r":0.9935483871,
      "f":0.9956896552
    },
    "AdpType":{
      "p":1.0,
      "r":0.9945054945,
      "f":0.9972451791
    },
    "PronType":{
      "p":0.991902834,
      "r":0.9852546917,
      "f":0.9885675857
    },
    "Case":{
      "p":0.995157385,
      "r":0.9832535885,
      "f":0.9891696751
    },
    "Person":{
      "p":0.9947916667,
      "r":0.9845360825,
      "f":0.9896373057
    },
    "Number[psor]":{
      "p":1.0,
      "r":0.9827586207,
      "f":0.9913043478
    },
    "Poss":{
      "p":1.0,
      "r":0.9827586207,
      "f":0.9913043478
    },
    "PartType":{
      "p":1.0,
      "r":1.0,
      "f":1.0
    },
    "Reflex":{
      "p":1.0,
      "r":1.0,
      "f":1.0
    },
    "Foreign":{
      "p":0.0,
      "r":0.0,
      "f":0.0
    },
    "Style":{
      "p":1.0,
      "r":0.75,
      "f":0.8571428571
    },
    "Polite":{
      "p":0.0,
      "r":0.0,
      "f":0.0
    },
    "Abbr":{
      "p":0.0,
      "r":0.0,
      "f":0.0
    }
  },
  "sents_p":0.8930348259,
  "sents_r":0.9065656566,
  "sents_f":0.8997493734,
  "dep_uas":0.8763142149,
  "dep_las":0.8445166254,
  "dep_las_per_type":{
    "nummod":{
      "p":0.8571428571,
      "r":0.835443038,
      "f":0.8461538462
    },
    "amod":{
      "p":0.8511235955,
      "r":0.8757225434,
      "f":0.8632478632
    },
    "nmod":{
      "p":0.724738676,
      "r":0.6887417219,
      "f":0.7062818336
    },
    "nsubj":{
      "p":0.9178294574,
      "r":0.9065849923,
      "f":0.9121725732
    },
    "flat":{
      "p":0.9206349206,
      "r":0.935483871,
      "f":0.928
    },
    "cc":{
      "p":0.8672985782,
      "r":0.8798076923,
      "f":0.8735083532
    },
    "conj":{
      "p":0.7820512821,
      "r":0.7991266376,
      "f":0.7904967603
    },
    "root":{
      "p":0.8578553616,
      "r":0.8686868687,
      "f":0.8632371393
    },
    "advmod":{
      "p":0.8150537634,
      "r":0.8115631692,
      "f":0.813304721
    },
    "mark":{
      "p":0.9174311927,
      "r":0.9202453988,
      "f":0.9188361409
    },
    "aux":{
      "p":0.9557522124,
      "r":0.9515418502,
      "f":0.9536423841
    },
    "ccomp":{
      "p":0.703125,
      "r":0.8181818182,
      "f":0.756302521
    },
    "case":{
      "p":0.9262166405,
      "r":0.9190031153,
      "f":0.922595778
    },
    "det":{
      "p":0.9341317365,
      "r":0.9425981873,
      "f":0.9383458647
    },
    "obl":{
      "p":0.7454954955,
      "r":0.7609195402,
      "f":0.7531285552
    },
    "nmod:poss":{
      "p":0.8382352941,
      "r":0.8636363636,
      "f":0.8507462687
    },
    "obj":{
      "p":0.8746438746,
      "r":0.8672316384,
      "f":0.8709219858
    },
    "cop":{
      "p":0.8048780488,
      "r":0.8684210526,
      "f":0.835443038
    },
    "acl:relcl":{
      "p":0.6869565217,
      "r":0.652892562,
      "f":0.6694915254
    },
    "compound:prt":{
      "p":0.4,
      "r":0.4,
      "f":0.4
    },
    "advcl":{
      "p":0.7232142857,
      "r":0.7363636364,
      "f":0.7297297297
    },
    "fixed":{
      "p":0.9756097561,
      "r":0.9523809524,
      "f":0.9638554217
    },
    "iobj":{
      "p":0.5,
      "r":0.4,
      "f":0.4444444444
    },
    "xcomp":{
      "p":0.7096774194,
      "r":0.511627907,
      "f":0.5945945946
    },
    "appos":{
      "p":0.5217391304,
      "r":0.5454545455,
      "f":0.5333333333
    },
    "obl:tmod":{
      "p":1.0,
      "r":0.2142857143,
      "f":0.3529411765
    },
    "dep":{
      "p":0.1764705882,
      "r":0.3157894737,
      "f":0.2264150943
    },
    "advmod:lmod":{
      "p":0.7777777778,
      "r":0.7777777778,
      "f":0.7777777778
    },
    "expl":{
      "p":0.875,
      "r":0.875,
      "f":0.875
    },
    "list":{
      "p":0.2142857143,
      "r":0.1875,
      "f":0.2
    },
    "discourse":{
      "p":0.0,
      "r":0.0,
      "f":0.0
    },
    "obl:lmod":{
      "p":0.0,
      "r":0.0,
      "f":0.0
    },
    "parataxis":{
      "p":0.0,
      "r":0.0,
      "f":0.0
    },
    "orphan":{
      "p":0.0,
      "r":0.0,
      "f":0.0
    },
    "vocative":{
      "p":0.0,
      "r":0.0,
      "f":0.0
    }
  },
  "ents_p":0.7548209366,
  "ents_r":0.7326203209,
  "ents_f":0.7435549525,
  "ents_per_type":{
    "MISC":{
      "p":0.6363636364,
      "r":0.6363636364,
      "f":0.6363636364
    },
    "PER":{
      "p":0.8102189781,
      "r":0.8671875,
      "f":0.8377358491
    },
    "LOC":{
      "p":0.7012987013,
      "r":0.84375,
      "f":0.7659574468
    },
    "ORG":{
      "p":0.8333333333,
      "r":0.5714285714,
      "f":0.6779661017
    }
  },
  "speed":12705.5229288843
}