{
  "token_acc":0.9991230634,
  "token_p":0.9972230342,
  "token_r":0.9978063761,
  "token_f":0.9975146199,
  "tag_acc":0.9785709062,
  "pos_acc":0.9777647747,
  "morph_acc":0.97622705,
  "morph_micro_p":0.9890179347,
  "morph_micro_r":0.9800360135,
  "morph_micro_f":0.9845064884,
  "morph_per_feat":{
    "NumType":{
      "p":0.9838709677,
      "r":0.9838709677,
      "f":0.9838709677
    },
    "Degree":{
      "p":0.9702380952,
      "r":0.9625984252,
      "f":0.9664031621
    },
    "Number":{
      "p":0.9848101266,
      "r":0.9765690377,
      "f":0.9806722689
    },
    "Definite":{
      "p":0.9890745501,
      "r":0.9777636595,
      "f":0.9833865815
    },
    "Gender":{
      "p":0.9831223629,
      "r":0.9708333333,
      "f":0.9769392034
    },
    "Mood":{
      "p":0.9972027972,
      "r":0.9916550765,
      "f":0.9944211994
    },
    "Tense":{
      "p":0.9874285714,
      "r":0.9818181818,
      "f":0.9846153846
    },
    "VerbForm":{
      "p":0.9917582418,
      "r":0.9854413103,
      "f":0.9885896851
    },
    "Voice":{
      "p":0.9956756757,
      "r":0.9903225806,
      "f":0.9929919137
    },
    "AdpType":{
      "p":0.9958791209,
      "r":0.9958791209,
      "f":0.9958791209
    },
    "PronType":{
      "p":0.9932705249,
      "r":0.9892761394,
      "f":0.9912693083
    },
    "Case":{
      "p":0.9975609756,
      "r":0.9784688995,
      "f":0.9879227053
    },
    "Person":{
      "p":0.9973753281,
      "r":0.9793814433,
      "f":0.9882964889
    },
    "Number[psor]":{
      "p":1.0,
      "r":0.9655172414,
      "f":0.9824561404
    },
    "Poss":{
      "p":1.0,
      "r":0.9655172414,
      "f":0.9824561404
    },
    "PartType":{
      "p":1.0,
      "r":0.9944134078,
      "f":0.9971988796
    },
    "Reflex":{
      "p":1.0,
      "r":1.0,
      "f":1.0
    },
    "Style":{
      "p":1.0,
      "r":0.5,
      "f":0.6666666667
    },
    "Polite":{
      "p":0.0,
      "r":0.0,
      "f":0.0
    },
    "Abbr":{
      "p":0.0,
      "r":0.0,
      "f":0.0
    },
    "Foreign":{
      "p":1.0,
      "r":0.2,
      "f":0.3333333333
    }
  },
  "sents_p":0.8861386139,
  "sents_r":0.904040404,
  "sents_f":0.895,
  "dep_uas":0.885548343,
  "dep_las":0.8543855154,
  "dep_las_per_type":{
    "nummod":{
      "p":0.8125,
      "r":0.8227848101,
      "f":0.8176100629
    },
    "amod":{
      "p":0.8843930636,
      "r":0.8843930636,
      "f":0.8843930636
    },
    "nmod":{
      "p":0.7361563518,
      "r":0.7483443709,
      "f":0.7422003284
    },
    "nsubj":{
      "p":0.9303405573,
      "r":0.9203675345,
      "f":0.9253271747
    },
    "flat":{
      "p":0.9430894309,
      "r":0.935483871,
      "f":0.9392712551
    },
    "cc":{
      "p":0.8656716418,
      "r":0.8365384615,
      "f":0.8508557457
    },
    "conj":{
      "p":0.7903930131,
      "r":0.7903930131,
      "f":0.7903930131
    },
    "root":{
      "p":0.8638613861,
      "r":0.8813131313,
      "f":0.8725
    },
    "advmod":{
      "p":0.8130252101,
      "r":0.8286937901,
      "f":0.8207847296
    },
    "mark":{
      "p":0.9394904459,
      "r":0.9049079755,
      "f":0.921875
    },
    "aux":{
      "p":0.9734513274,
      "r":0.9691629956,
      "f":0.9713024283
    },
    "ccomp":{
      "p":0.7586206897,
      "r":0.8,
      "f":0.7787610619
    },
    "case":{
      "p":0.9188767551,
      "r":0.9174454829,
      "f":0.9181605612
    },
    "det":{
      "p":0.9375,
      "r":0.9516616314,
      "f":0.9445277361
    },
    "obl":{
      "p":0.8155339806,
      "r":0.7724137931,
      "f":0.7933884298
    },
    "nmod:poss":{
      "p":0.7714285714,
      "r":0.8181818182,
      "f":0.7941176471
    },
    "obj":{
      "p":0.8543956044,
      "r":0.8785310734,
      "f":0.8662952646
    },
    "cop":{
      "p":0.8928571429,
      "r":0.8771929825,
      "f":0.8849557522
    },
    "acl:relcl":{
      "p":0.7297297297,
      "r":0.6694214876,
      "f":0.6982758621
    },
    "compound:prt":{
      "p":0.44,
      "r":0.44,
      "f":0.44
    },
    "advcl":{
      "p":0.725,
      "r":0.7909090909,
      "f":0.7565217391
    },
    "fixed":{
      "p":0.8936170213,
      "r":1.0,
      "f":0.9438202247
    },
    "iobj":{
      "p":0.625,
      "r":0.5,
      "f":0.5555555556
    },
    "xcomp":{
      "p":0.6808510638,
      "r":0.7441860465,
      "f":0.7111111111
    },
    "dep":{
      "p":0.1052631579,
      "r":0.3157894737,
      "f":0.1578947368
    },
    "appos":{
      "p":0.5555555556,
      "r":0.4545454545,
      "f":0.5
    },
    "obl:tmod":{
      "p":0.625,
      "r":0.3571428571,
      "f":0.4545454545
    },
    "advmod:lmod":{
      "p":0.8285714286,
      "r":0.8055555556,
      "f":0.8169014085
    },
    "expl":{
      "p":0.84,
      "r":0.875,
      "f":0.8571428571
    },
    "list":{
      "p":0.4444444444,
      "r":0.25,
      "f":0.32
    },
    "discourse":{
      "p":0.0,
      "r":0.0,
      "f":0.0
    },
    "parataxis":{
      "p":0.0,
      "r":0.0,
      "f":0.0
    },
    "orphan":{
      "p":0.0,
      "r":0.0,
      "f":0.0
    },
    "obl:lmod":{
      "p":0.0,
      "r":0.0,
      "f":0.0
    },
    "vocative":{
      "p":0.0,
      "r":0.0,
      "f":0.0
    }
  },
  "ents_p":0.8,
  "ents_r":0.7807486631,
  "ents_f":0.7902571042,
  "ents_per_type":{
    "MISC":{
      "p":0.7108433735,
      "r":0.7662337662,
      "f":0.7375
    },
    "PER":{
      "p":0.8428571429,
      "r":0.921875,
      "f":0.8805970149
    },
    "LOC":{
      "p":0.803030303,
      "r":0.828125,
      "f":0.8153846154
    },
    "ORG":{
      "p":0.8157894737,
      "r":0.5904761905,
      "f":0.6850828729
    }
  },
  "speed":17821.0938316848
}