{
  "token_acc":0.9991230634,
  "token_p":0.9972230342,
  "token_r":0.9978063761,
  "token_f":0.9975146199,
  "tag_acc":0.9676711527,
  "pos_acc":0.967378584,
  "morph_acc":0.9608660669,
  "morph_micro_p":0.9765132409,
  "morph_micro_r":0.9700148751,
  "morph_micro_f":0.9732532108,
  "morph_per_feat":{
    "NumType":{
      "p":0.9830508475,
      "r":0.935483871,
      "f":0.958677686
    },
    "Degree":{
      "p":0.9717741935,
      "r":0.9488188976,
      "f":0.9601593625
    },
    "Number":{
      "p":0.9682274247,
      "r":0.9690376569,
      "f":0.9686323714
    },
    "Definite":{
      "p":0.9669000637,
      "r":0.9650571792,
      "f":0.9659777424
    },
    "Gender":{
      "p":0.9584415584,
      "r":0.9609375,
      "f":0.9596879064
    },
    "Mood":{
      "p":0.9873595506,
      "r":0.9777468707,
      "f":0.9825296995
    },
    "Tense":{
      "p":0.98163031,
      "r":0.9715909091,
      "f":0.9765848087
    },
    "VerbForm":{
      "p":0.9806451613,
      "r":0.9681528662,
      "f":0.9743589744
    },
    "Voice":{
      "p":0.9934640523,
      "r":0.9806451613,
      "f":0.987012987
    },
    "AdpType":{
      "p":0.9972375691,
      "r":0.9917582418,
      "f":0.9944903581
    },
    "PronType":{
      "p":0.9865591398,
      "r":0.9839142091,
      "f":0.9852348993
    },
    "Case":{
      "p":0.9926470588,
      "r":0.9688995215,
      "f":0.98062954
    },
    "Person":{
      "p":0.9895561358,
      "r":0.9768041237,
      "f":0.9831387808
    },
    "Number[psor]":{
      "p":1.0,
      "r":0.9827586207,
      "f":0.9913043478
    },
    "Poss":{
      "p":1.0,
      "r":0.9827586207,
      "f":0.9913043478
    },
    "PartType":{
      "p":1.0,
      "r":0.9888268156,
      "f":0.9943820225
    },
    "Reflex":{
      "p":0.9777777778,
      "r":1.0,
      "f":0.9887640449
    },
    "Style":{
      "p":1.0,
      "r":0.75,
      "f":0.8571428571
    },
    "Polite":{
      "p":0.0,
      "r":0.0,
      "f":0.0
    },
    "Foreign":{
      "p":0.0,
      "r":0.0,
      "f":0.0
    },
    "Abbr":{
      "p":0.0,
      "r":0.0,
      "f":0.0
    }
  },
  "sents_p":0.9063291139,
  "sents_r":0.904040404,
  "sents_f":0.9051833123,
  "dep_uas":0.8328912467,
  "dep_las":0.795174538,
  "dep_las_per_type":{
    "nummod":{
      "p":0.8333333333,
      "r":0.7594936709,
      "f":0.7947019868
    },
    "amod":{
      "p":0.8223495702,
      "r":0.8294797688,
      "f":0.8258992806
    },
    "nmod":{
      "p":0.6862068966,
      "r":0.6589403974,
      "f":0.6722972973
    },
    "nsubj":{
      "p":0.8740279938,
      "r":0.8606431853,
      "f":0.8672839506
    },
    "flat":{
      "p":0.8650793651,
      "r":0.8790322581,
      "f":0.872
    },
    "cc":{
      "p":0.8199052133,
      "r":0.8317307692,
      "f":0.8257756563
    },
    "conj":{
      "p":0.6801619433,
      "r":0.7336244541,
      "f":0.7058823529
    },
    "root":{
      "p":0.8110831234,
      "r":0.8131313131,
      "f":0.8121059269
    },
    "advmod":{
      "p":0.7334754797,
      "r":0.7366167024,
      "f":0.735042735
    },
    "mark":{
      "p":0.9352750809,
      "r":0.8865030675,
      "f":0.9102362205
    },
    "aux":{
      "p":0.9330357143,
      "r":0.9207048458,
      "f":0.9268292683
    },
    "ccomp":{
      "p":0.6607142857,
      "r":0.6727272727,
      "f":0.6666666667
    },
    "case":{
      "p":0.8862928349,
      "r":0.8862928349,
      "f":0.8862928349
    },
    "det":{
      "p":0.9063444109,
      "r":0.9063444109,
      "f":0.9063444109
    },
    "obl":{
      "p":0.7038834951,
      "r":0.6666666667,
      "f":0.6847697757
    },
    "nmod:poss":{
      "p":0.6764705882,
      "r":0.696969697,
      "f":0.6865671642
    },
    "obj":{
      "p":0.7908847185,
      "r":0.8333333333,
      "f":0.8115543329
    },
    "cop":{
      "p":0.7520661157,
      "r":0.798245614,
      "f":0.7744680851
    },
    "acl:relcl":{
      "p":0.6229508197,
      "r":0.6280991736,
      "f":0.6255144033
    },
    "compound:prt":{
      "p":0.4444444444,
      "r":0.32,
      "f":0.3720930233
    },
    "advcl":{
      "p":0.6607142857,
      "r":0.6727272727,
      "f":0.6666666667
    },
    "fixed":{
      "p":0.8888888889,
      "r":0.9523809524,
      "f":0.9195402299
    },
    "iobj":{
      "p":0.6,
      "r":0.3,
      "f":0.4
    },
    "dep":{
      "p":0.1090909091,
      "r":0.3157894737,
      "f":0.1621621622
    },
    "appos":{
      "p":0.5238095238,
      "r":0.5,
      "f":0.511627907
    },
    "obl:tmod":{
      "p":0.75,
      "r":0.2142857143,
      "f":0.3333333333
    },
    "xcomp":{
      "p":0.724137931,
      "r":0.488372093,
      "f":0.5833333333
    },
    "advmod:lmod":{
      "p":0.7073170732,
      "r":0.8055555556,
      "f":0.7532467532
    },
    "expl":{
      "p":0.84,
      "r":0.875,
      "f":0.8571428571
    },
    "list":{
      "p":0.4545454545,
      "r":0.3125,
      "f":0.3703703704
    },
    "obl:lmod":{
      "p":0.0,
      "r":0.0,
      "f":0.0
    },
    "discourse":{
      "p":0.0,
      "r":0.0,
      "f":0.0
    },
    "parataxis":{
      "p":0.0,
      "r":0.0,
      "f":0.0
    },
    "orphan":{
      "p":0.0,
      "r":0.0,
      "f":0.0
    },
    "vocative":{
      "p":0.0,
      "r":0.0,
      "f":0.0
    }
  },
  "ents_p":0.7348066298,
  "ents_r":0.7112299465,
  "ents_f":0.722826087,
  "ents_per_type":{
    "MISC":{
      "p":0.6363636364,
      "r":0.5454545455,
      "f":0.5874125874
    },
    "PER":{
      "p":0.8345864662,
      "r":0.8671875,
      "f":0.8505747126
    },
    "LOC":{
      "p":0.6547619048,
      "r":0.859375,
      "f":0.7432432432
    },
    "ORG":{
      "p":0.7341772152,
      "r":0.5523809524,
      "f":0.6304347826
    }
  },
  "speed":1576.8516412811
}