{
  "token_acc":0.9991230634,
  "token_p":0.9972230342,
  "token_r":0.9978063761,
  "token_f":0.9975146199,
  "tag_acc":0.9850047546,
  "pos_acc":0.9843475717,
  "morph_acc":0.9775437057,
  "morph_micro_p":0.9878125491,
  "morph_micro_r":0.9835590699,
  "morph_micro_f":0.9856812208,
  "morph_per_feat":{
    "NumType":{
      "p":0.9758064516,
      "r":0.9758064516,
      "f":0.9758064516
    },
    "Degree":{
      "p":0.9898580122,
      "r":0.9606299213,
      "f":0.975024975
    },
    "Number":{
      "p":0.981504834,
      "r":0.9769874477,
      "f":0.979240931
    },
    "Definite":{
      "p":0.9890955741,
      "r":0.9796696315,
      "f":0.9843600383
    },
    "Gender":{
      "p":0.9759665622,
      "r":0.9729166667,
      "f":0.974439228
    },
    "Mood":{
      "p":0.9944367177,
      "r":0.9944367177,
      "f":0.9944367177
    },
    "Tense":{
      "p":0.9852941176,
      "r":0.9897727273,
      "f":0.9875283447
    },
    "VerbForm":{
      "p":0.9873188406,
      "r":0.991810737,
      "f":0.9895596913
    },
    "Voice":{
      "p":0.9956989247,
      "r":0.9956989247,
      "f":0.9956989247
    },
    "AdpType":{
      "p":1.0,
      "r":0.9972527473,
      "f":0.9986244842
    },
    "PronType":{
      "p":0.9933065596,
      "r":0.9946380697,
      "f":0.9939718687
    },
    "Case":{
      "p":1.0,
      "r":0.985645933,
      "f":0.9927710843
    },
    "Person":{
      "p":1.0,
      "r":0.9896907216,
      "f":0.9948186528
    },
    "Number[psor]":{
      "p":1.0,
      "r":1.0,
      "f":1.0
    },
    "Poss":{
      "p":1.0,
      "r":1.0,
      "f":1.0
    },
    "PartType":{
      "p":1.0,
      "r":1.0,
      "f":1.0
    },
    "Reflex":{
      "p":1.0,
      "r":1.0,
      "f":1.0
    },
    "Style":{
      "p":1.0,
      "r":0.75,
      "f":0.8571428571
    },
    "Polite":{
      "p":0.0,
      "r":0.0,
      "f":0.0
    },
    "Foreign":{
      "p":1.0,
      "r":0.2,
      "f":0.3333333333
    }
  },
  "sents_p":0.9796437659,
  "sents_r":0.9722222222,
  "sents_f":0.9759188847,
  "dep_uas":0.9149499957,
  "dep_las":0.8869327408,
  "dep_las_per_type":{
    "nummod":{
      "p":0.8904109589,
      "r":0.8227848101,
      "f":0.8552631579
    },
    "amod":{
      "p":0.8911174785,
      "r":0.8988439306,
      "f":0.8949640288
    },
    "nmod":{
      "p":0.8013937282,
      "r":0.761589404,
      "f":0.7809847199
    },
    "nsubj":{
      "p":0.9510703364,
      "r":0.9525267994,
      "f":0.9517980107
    },
    "flat":{
      "p":0.9285714286,
      "r":0.9435483871,
      "f":0.936
    },
    "cc":{
      "p":0.8990384615,
      "r":0.8990384615,
      "f":0.8990384615
    },
    "conj":{
      "p":0.8601694915,
      "r":0.8864628821,
      "f":0.8731182796
    },
    "root":{
      "p":0.9289340102,
      "r":0.9242424242,
      "f":0.9265822785
    },
    "advmod":{
      "p":0.8520833333,
      "r":0.8758029979,
      "f":0.863780359
    },
    "mark":{
      "p":0.9378881988,
      "r":0.9263803681,
      "f":0.9320987654
    },
    "aux":{
      "p":0.9778761062,
      "r":0.9735682819,
      "f":0.9757174393
    },
    "ccomp":{
      "p":0.7333333333,
      "r":0.8,
      "f":0.7652173913
    },
    "case":{
      "p":0.9420062696,
      "r":0.9361370717,
      "f":0.9390625
    },
    "det":{
      "p":0.951951952,
      "r":0.9577039275,
      "f":0.9548192771
    },
    "obl":{
      "p":0.8521939954,
      "r":0.8482758621,
      "f":0.8502304147
    },
    "nmod:poss":{
      "p":0.8461538462,
      "r":0.8333333333,
      "f":0.8396946565
    },
    "obj":{
      "p":0.914600551,
      "r":0.9378531073,
      "f":0.9260808926
    },
    "cop":{
      "p":0.9017857143,
      "r":0.8859649123,
      "f":0.8938053097
    },
    "acl:relcl":{
      "p":0.75,
      "r":0.7190082645,
      "f":0.7341772152
    },
    "compound:prt":{
      "p":0.6,
      "r":0.36,
      "f":0.45
    },
    "advcl":{
      "p":0.7083333333,
      "r":0.7727272727,
      "f":0.7391304348
    },
    "fixed":{
      "p":0.9523809524,
      "r":0.9523809524,
      "f":0.9523809524
    },
    "iobj":{
      "p":0.875,
      "r":0.7,
      "f":0.7777777778
    },
    "appos":{
      "p":0.7,
      "r":0.6363636364,
      "f":0.6666666667
    },
    "obl:tmod":{
      "p":0.8333333333,
      "r":0.3571428571,
      "f":0.5
    },
    "xcomp":{
      "p":0.84375,
      "r":0.6279069767,
      "f":0.72
    },
    "dep":{
      "p":0.1296296296,
      "r":0.3684210526,
      "f":0.1917808219
    },
    "advmod:lmod":{
      "p":0.8529411765,
      "r":0.8055555556,
      "f":0.8285714286
    },
    "expl":{
      "p":0.9090909091,
      "r":0.8333333333,
      "f":0.8695652174
    },
    "discourse":{
      "p":0.0,
      "r":0.0,
      "f":0.0
    },
    "list":{
      "p":0.3888888889,
      "r":0.4375,
      "f":0.4117647059
    },
    "obl:lmod":{
      "p":0.0,
      "r":0.0,
      "f":0.0
    },
    "parataxis":{
      "p":0.0,
      "r":0.0,
      "f":0.0
    },
    "orphan":{
      "p":0.0,
      "r":0.0,
      "f":0.0
    },
    "vocative":{
      "p":0.0,
      "r":0.0,
      "f":0.0
    }
  },
  "ents_p":0.8444444444,
  "ents_r":0.8128342246,
  "ents_f":0.8283378747,
  "ents_per_type":{
    "MISC":{
      "p":0.7564102564,
      "r":0.7662337662,
      "f":0.7612903226
    },
    "PER":{
      "p":0.9230769231,
      "r":0.9375,
      "f":0.9302325581
    },
    "LOC":{
      "p":0.7941176471,
      "r":0.84375,
      "f":0.8181818182
    },
    "ORG":{
      "p":0.8452380952,
      "r":0.6761904762,
      "f":0.7513227513
    }
  },
  "speed":2523.68304469
}