{
  "token_acc":0.9991230634,
  "token_p":0.9972230342,
  "token_r":0.9978063761,
  "token_f":0.9975146199,
  "tag_acc":0.9893196781,
  "pos_acc":0.9891733723,
  "morph_acc":0.9843452816,
  "morph_micro_p":0.9932443048,
  "morph_micro_r":0.9899005715,
  "morph_micro_f":0.9915696193,
  "morph_per_feat":{
    "NumType":{
      "p":0.9919354839,
      "r":0.9919354839,
      "f":0.9919354839
    },
    "Degree":{
      "p":0.9919678715,
      "r":0.9724409449,
      "f":0.9821073559
    },
    "Number":{
      "p":0.9911838791,
      "r":0.9878661088,
      "f":0.9895222129
    },
    "Definite":{
      "p":0.9910485934,
      "r":0.9847522236,
      "f":0.987890376
    },
    "Gender":{
      "p":0.987460815,
      "r":0.984375,
      "f":0.985915493
    },
    "Mood":{
      "p":0.9972144847,
      "r":0.9958275382,
      "f":0.9965205289
    },
    "Tense":{
      "p":0.9943310658,
      "r":0.9965909091,
      "f":0.9954597049
    },
    "VerbForm":{
      "p":0.9927404719,
      "r":0.9954504095,
      "f":0.9940935938
    },
    "Voice":{
      "p":0.9957035446,
      "r":0.9967741935,
      "f":0.9962385814
    },
    "AdpType":{
      "p":1.0,
      "r":0.9972527473,
      "f":0.9986244842
    },
    "PronType":{
      "p":0.9973154362,
      "r":0.9959785523,
      "f":0.9966465459
    },
    "Case":{
      "p":1.0,
      "r":0.990430622,
      "f":0.9951923077
    },
    "Person":{
      "p":0.9974093264,
      "r":0.9922680412,
      "f":0.9948320413
    },
    "Number[psor]":{
      "p":1.0,
      "r":1.0,
      "f":1.0
    },
    "Poss":{
      "p":1.0,
      "r":1.0,
      "f":1.0
    },
    "PartType":{
      "p":1.0,
      "r":1.0,
      "f":1.0
    },
    "Reflex":{
      "p":1.0,
      "r":1.0,
      "f":1.0
    },
    "Style":{
      "p":1.0,
      "r":1.0,
      "f":1.0
    },
    "Polite":{
      "p":0.0,
      "r":0.0,
      "f":0.0
    },
    "Foreign":{
      "p":1.0,
      "r":0.2,
      "f":0.3333333333
    }
  },
  "sents_p":0.9897959184,
  "sents_r":0.9797979798,
  "sents_f":0.9847715736,
  "dep_uas":0.9171582457,
  "dep_las":0.8922892802,
  "dep_las_per_type":{
    "nummod":{
      "p":0.9305555556,
      "r":0.8481012658,
      "f":0.8874172185
    },
    "amod":{
      "p":0.8923512748,
      "r":0.9104046243,
      "f":0.9012875536
    },
    "nmod":{
      "p":0.8059210526,
      "r":0.8112582781,
      "f":0.8085808581
    },
    "nsubj":{
      "p":0.9557251908,
      "r":0.9586523737,
      "f":0.9571865443
    },
    "flat":{
      "p":0.9206349206,
      "r":0.935483871,
      "f":0.928
    },
    "cc":{
      "p":0.8926829268,
      "r":0.8798076923,
      "f":0.8861985472
    },
    "conj":{
      "p":0.8608695652,
      "r":0.864628821,
      "f":0.862745098
    },
    "root":{
      "p":0.9464285714,
      "r":0.9368686869,
      "f":0.9416243655
    },
    "advmod":{
      "p":0.8688172043,
      "r":0.8650963597,
      "f":0.8669527897
    },
    "mark":{
      "p":0.9388379205,
      "r":0.9417177914,
      "f":0.9402756508
    },
    "aux":{
      "p":0.9734513274,
      "r":0.9691629956,
      "f":0.9713024283
    },
    "ccomp":{
      "p":0.7833333333,
      "r":0.8545454545,
      "f":0.8173913043
    },
    "case":{
      "p":0.9508716323,
      "r":0.9345794393,
      "f":0.9426551453
    },
    "det":{
      "p":0.9546827795,
      "r":0.9546827795,
      "f":0.9546827795
    },
    "obl":{
      "p":0.8508158508,
      "r":0.8390804598,
      "f":0.8449074074
    },
    "nmod:poss":{
      "p":0.84375,
      "r":0.8181818182,
      "f":0.8307692308
    },
    "obj":{
      "p":0.9320113314,
      "r":0.9293785311,
      "f":0.9306930693
    },
    "cop":{
      "p":0.8706896552,
      "r":0.8859649123,
      "f":0.8782608696
    },
    "acl:relcl":{
      "p":0.7931034483,
      "r":0.7603305785,
      "f":0.776371308
    },
    "compound:prt":{
      "p":0.6666666667,
      "r":0.56,
      "f":0.6086956522
    },
    "advcl":{
      "p":0.7913043478,
      "r":0.8272727273,
      "f":0.8088888889
    },
    "fixed":{
      "p":0.9302325581,
      "r":0.9523809524,
      "f":0.9411764706
    },
    "iobj":{
      "p":0.6666666667,
      "r":0.6,
      "f":0.6315789474
    },
    "appos":{
      "p":0.8666666667,
      "r":0.5909090909,
      "f":0.7027027027
    },
    "obl:tmod":{
      "p":1.0,
      "r":0.2857142857,
      "f":0.4444444444
    },
    "xcomp":{
      "p":0.8181818182,
      "r":0.6279069767,
      "f":0.7105263158
    },
    "dep":{
      "p":0.1267605634,
      "r":0.4736842105,
      "f":0.2
    },
    "advmod:lmod":{
      "p":0.7380952381,
      "r":0.8611111111,
      "f":0.7948717949
    },
    "expl":{
      "p":0.9130434783,
      "r":0.875,
      "f":0.8936170213
    },
    "discourse":{
      "p":0.0,
      "r":0.0,
      "f":0.0
    },
    "list":{
      "p":0.5,
      "r":0.4375,
      "f":0.4666666667
    },
    "parataxis":{
      "p":0.0,
      "r":0.0,
      "f":0.0
    },
    "orphan":{
      "p":0.0,
      "r":0.0,
      "f":0.0
    },
    "obl:lmod":{
      "p":0.0,
      "r":0.0,
      "f":0.0
    },
    "vocative":{
      "p":0.0,
      "r":0.0,
      "f":0.0
    }
  },
  "ents_p":0.8575418994,
  "ents_r":0.820855615,
  "ents_f":0.8387978142,
  "ents_per_type":{
    "MISC":{
      "p":0.8450704225,
      "r":0.7792207792,
      "f":0.8108108108
    },
    "PER":{
      "p":0.9512195122,
      "r":0.9140625,
      "f":0.9322709163
    },
    "LOC":{
      "p":0.7435897436,
      "r":0.90625,
      "f":0.8169014085
    },
    "ORG":{
      "p":0.8372093023,
      "r":0.6857142857,
      "f":0.7539267016
    }
  },
  "speed":13889.3801545471
}