{
  "token_acc":0.9991230634,
  "token_p":0.9972230342,
  "token_r":0.9978063761,
  "token_f":0.9975146199,
  "tag_acc":0.9795918367,
  "pos_acc":0.978275181,
  "morph_acc":0.9719133996,
  "morph_micro_p":0.9866624576,
  "morph_micro_r":0.9787833712,
  "morph_micro_f":0.9827071215,
  "morph_per_feat":{
    "NumType":{
      "p":1.0,
      "r":0.9758064516,
      "f":0.987755102
    },
    "Degree":{
      "p":0.972,
      "r":0.9566929134,
      "f":0.9642857143
    },
    "Number":{
      "p":0.9831152385,
      "r":0.9744769874,
      "f":0.978777054
    },
    "Definite":{
      "p":0.98588839,
      "r":0.9764930114,
      "f":0.9811682094
    },
    "Gender":{
      "p":0.9737670514,
      "r":0.9666666667,
      "f":0.9702038683
    },
    "Mood":{
      "p":0.9972067039,
      "r":0.9930458971,
      "f":0.9951219512
    },
    "Tense":{
      "p":0.9828375286,
      "r":0.9761363636,
      "f":0.9794754846
    },
    "VerbForm":{
      "p":0.9880733945,
      "r":0.9799818016,
      "f":0.9840109639
    },
    "Voice":{
      "p":0.9989177489,
      "r":0.9924731183,
      "f":0.9956850054
    },
    "AdpType":{
      "p":0.9972451791,
      "r":0.9945054945,
      "f":0.9958734525
    },
    "PronType":{
      "p":0.9959623149,
      "r":0.9919571046,
      "f":0.9939556749
    },
    "Case":{
      "p":0.9975786925,
      "r":0.985645933,
      "f":0.991576414
    },
    "Person":{
      "p":0.9948320413,
      "r":0.9922680412,
      "f":0.9935483871
    },
    "Number[psor]":{
      "p":0.9482758621,
      "r":0.9482758621,
      "f":0.9482758621
    },
    "Poss":{
      "p":0.9827586207,
      "r":0.9827586207,
      "f":0.9827586207
    },
    "PartType":{
      "p":1.0,
      "r":0.9944134078,
      "f":0.9971988796
    },
    "Reflex":{
      "p":1.0,
      "r":1.0,
      "f":1.0
    },
    "Style":{
      "p":1.0,
      "r":0.5,
      "f":0.6666666667
    },
    "Polite":{
      "p":0.0,
      "r":0.0,
      "f":0.0
    },
    "Foreign":{
      "p":1.0,
      "r":0.6,
      "f":0.75
    }
  },
  "sents_p":0.9118387909,
  "sents_r":0.9141414141,
  "sents_f":0.9129886507,
  "dep_uas":0.8832877649,
  "dep_las":0.848697138,
  "dep_las_per_type":{
    "nummod":{
      "p":0.8888888889,
      "r":0.8101265823,
      "f":0.8476821192
    },
    "amod":{
      "p":0.8790560472,
      "r":0.8612716763,
      "f":0.8700729927
    },
    "nmod":{
      "p":0.7412587413,
      "r":0.701986755,
      "f":0.7210884354
    },
    "nsubj":{
      "p":0.9110429448,
      "r":0.9096477795,
      "f":0.9103448276
    },
    "flat":{
      "p":0.9206349206,
      "r":0.935483871,
      "f":0.928
    },
    "cc":{
      "p":0.8701923077,
      "r":0.8701923077,
      "f":0.8701923077
    },
    "conj":{
      "p":0.8097345133,
      "r":0.7991266376,
      "f":0.8043956044
    },
    "root":{
      "p":0.8888888889,
      "r":0.8888888889,
      "f":0.8888888889
    },
    "advmod":{
      "p":0.8156779661,
      "r":0.8244111349,
      "f":0.8200212993
    },
    "mark":{
      "p":0.9184952978,
      "r":0.8987730061,
      "f":0.9085271318
    },
    "aux":{
      "p":0.9684684685,
      "r":0.9471365639,
      "f":0.9576837416
    },
    "ccomp":{
      "p":0.6865671642,
      "r":0.8363636364,
      "f":0.7540983607
    },
    "case":{
      "p":0.9266770671,
      "r":0.9252336449,
      "f":0.9259547935
    },
    "det":{
      "p":0.926686217,
      "r":0.9546827795,
      "f":0.9404761905
    },
    "obl":{
      "p":0.7816091954,
      "r":0.7816091954,
      "f":0.7816091954
    },
    "nmod:poss":{
      "p":0.8115942029,
      "r":0.8484848485,
      "f":0.8296296296
    },
    "obj":{
      "p":0.8579234973,
      "r":0.8870056497,
      "f":0.8722222222
    },
    "cop":{
      "p":0.8333333333,
      "r":0.8333333333,
      "f":0.8333333333
    },
    "acl:relcl":{
      "p":0.685483871,
      "r":0.7024793388,
      "f":0.693877551
    },
    "compound:prt":{
      "p":0.4444444444,
      "r":0.32,
      "f":0.3720930233
    },
    "advcl":{
      "p":0.6752136752,
      "r":0.7181818182,
      "f":0.6960352423
    },
    "fixed":{
      "p":0.875,
      "r":1.0,
      "f":0.9333333333
    },
    "iobj":{
      "p":0.5555555556,
      "r":0.5,
      "f":0.5263157895
    },
    "dep":{
      "p":0.0909090909,
      "r":0.2631578947,
      "f":0.1351351351
    },
    "appos":{
      "p":0.6111111111,
      "r":0.5,
      "f":0.55
    },
    "obl:tmod":{
      "p":0.7142857143,
      "r":0.3571428571,
      "f":0.4761904762
    },
    "xcomp":{
      "p":0.6896551724,
      "r":0.4651162791,
      "f":0.5555555556
    },
    "advmod:lmod":{
      "p":0.8484848485,
      "r":0.7777777778,
      "f":0.8115942029
    },
    "expl":{
      "p":0.9130434783,
      "r":0.875,
      "f":0.8936170213
    },
    "list":{
      "p":0.2666666667,
      "r":0.25,
      "f":0.2580645161
    },
    "obl:lmod":{
      "p":0.0,
      "r":0.0,
      "f":0.0
    },
    "discourse":{
      "p":0.0,
      "r":0.0,
      "f":0.0
    },
    "parataxis":{
      "p":0.0,
      "r":0.0,
      "f":0.0
    },
    "orphan":{
      "p":0.0,
      "r":0.0,
      "f":0.0
    },
    "vocative":{
      "p":0.0,
      "r":0.0,
      "f":0.0
    }
  },
  "ents_p":0.75,
  "ents_r":0.7299465241,
  "ents_f":0.7398373984,
  "ents_per_type":{
    "MISC":{
      "p":0.6301369863,
      "r":0.5974025974,
      "f":0.6133333333
    },
    "PER":{
      "p":0.9561403509,
      "r":0.8515625,
      "f":0.9008264463
    },
    "LOC":{
      "p":0.6623376623,
      "r":0.796875,
      "f":0.7234042553
    },
    "ORG":{
      "p":0.67,
      "r":0.6380952381,
      "f":0.6536585366
    }
  },
  "speed":16753.6501964839
}