{
  "token_acc":0.9991230634,
  "token_p":0.9972230342,
  "token_r":0.9978063761,
  "token_f":0.9975146199,
  "tag_acc":0.9772511155,
  "pos_acc":0.9765196401,
  "morph_acc":0.9627679029,
  "morph_micro_p":0.9797334595,
  "morph_micro_r":0.97267674,
  "morph_micro_f":0.976192347,
  "morph_per_feat":{
    "NumType":{
      "p":0.9918699187,
      "r":0.9838709677,
      "f":0.987854251
    },
    "Degree":{
      "p":0.9581673307,
      "r":0.9468503937,
      "f":0.9524752475
    },
    "Number":{
      "p":0.9822109276,
      "r":0.970292887,
      "f":0.9762155336
    },
    "Definite":{
      "p":0.9827033953,
      "r":0.9745870394,
      "f":0.9786283892
    },
    "Gender":{
      "p":0.9564761405,
      "r":0.95,
      "f":0.9532270708
    },
    "Mood":{
      "p":0.9972027972,
      "r":0.9916550765,
      "f":0.9944211994
    },
    "Tense":{
      "p":0.9850917431,
      "r":0.9761363636,
      "f":0.9805936073
    },
    "VerbForm":{
      "p":0.9908256881,
      "r":0.982711556,
      "f":0.9867519415
    },
    "Voice":{
      "p":0.9924406048,
      "r":0.988172043,
      "f":0.9903017241
    },
    "AdpType":{
      "p":0.9986225895,
      "r":0.9958791209,
      "f":0.9972489684
    },
    "PronType":{
      "p":0.9744279946,
      "r":0.9705093834,
      "f":0.9724647414
    },
    "Case":{
      "p":0.973871734,
      "r":0.980861244,
      "f":0.9773539928
    },
    "Person":{
      "p":0.9620253165,
      "r":0.9793814433,
      "f":0.9706257982
    },
    "Number[psor]":{
      "p":0.9655172414,
      "r":0.9655172414,
      "f":0.9655172414
    },
    "Poss":{
      "p":0.9827586207,
      "r":0.9827586207,
      "f":0.9827586207
    },
    "PartType":{
      "p":1.0,
      "r":0.9888268156,
      "f":0.9943820225
    },
    "Reflex":{
      "p":0.9565217391,
      "r":1.0,
      "f":0.9777777778
    },
    "Style":{
      "p":0.0,
      "r":0.0,
      "f":0.0
    },
    "Polite":{
      "p":0.0,
      "r":0.0,
      "f":0.0
    },
    "Foreign":{
      "p":0.0,
      "r":0.0,
      "f":0.0
    }
  },
  "sents_p":0.9043927649,
  "sents_r":0.8838383838,
  "sents_f":0.8939974457,
  "dep_uas":0.8714883443,
  "dep_las":0.8296764279,
  "dep_las_per_type":{
    "nummod":{
      "p":0.7283950617,
      "r":0.746835443,
      "f":0.7375
    },
    "amod":{
      "p":0.8724637681,
      "r":0.8699421965,
      "f":0.8712011577
    },
    "nmod":{
      "p":0.7254237288,
      "r":0.7086092715,
      "f":0.7169179229
    },
    "nsubj":{
      "p":0.919504644,
      "r":0.9096477795,
      "f":0.9145496536
    },
    "flat":{
      "p":0.9285714286,
      "r":0.9435483871,
      "f":0.936
    },
    "cc":{
      "p":0.8653846154,
      "r":0.8653846154,
      "f":0.8653846154
    },
    "conj":{
      "p":0.718487395,
      "r":0.7467248908,
      "f":0.7323340471
    },
    "root":{
      "p":0.8704663212,
      "r":0.8484848485,
      "f":0.8593350384
    },
    "advmod":{
      "p":0.7679324895,
      "r":0.7794432548,
      "f":0.7736450584
    },
    "mark":{
      "p":0.9099378882,
      "r":0.8987730061,
      "f":0.9043209877
    },
    "aux":{
      "p":0.9776785714,
      "r":0.9647577093,
      "f":0.9711751663
    },
    "ccomp":{
      "p":0.6885245902,
      "r":0.7636363636,
      "f":0.724137931
    },
    "case":{
      "p":0.9148264984,
      "r":0.9034267913,
      "f":0.9090909091
    },
    "det":{
      "p":0.9241982507,
      "r":0.9577039275,
      "f":0.940652819
    },
    "obl":{
      "p":0.7855421687,
      "r":0.7494252874,
      "f":0.7670588235
    },
    "nmod:poss":{
      "p":0.8028169014,
      "r":0.8636363636,
      "f":0.8321167883
    },
    "obj":{
      "p":0.776119403,
      "r":0.8813559322,
      "f":0.8253968254
    },
    "cop":{
      "p":0.8421052632,
      "r":0.8421052632,
      "f":0.8421052632
    },
    "acl:relcl":{
      "p":0.6725663717,
      "r":0.6280991736,
      "f":0.6495726496
    },
    "compound:prt":{
      "p":0.3157894737,
      "r":0.24,
      "f":0.2727272727
    },
    "advcl":{
      "p":0.5819672131,
      "r":0.6454545455,
      "f":0.6120689655
    },
    "fixed":{
      "p":0.8636363636,
      "r":0.9047619048,
      "f":0.8837209302
    },
    "iobj":{
      "p":1.0,
      "r":0.1,
      "f":0.1818181818
    },
    "xcomp":{
      "p":0.625,
      "r":0.4651162791,
      "f":0.5333333333
    },
    "dep":{
      "p":0.0638297872,
      "r":0.1578947368,
      "f":0.0909090909
    },
    "appos":{
      "p":0.4545454545,
      "r":0.2272727273,
      "f":0.303030303
    },
    "obl:tmod":{
      "p":0.6666666667,
      "r":0.2857142857,
      "f":0.4
    },
    "advmod:lmod":{
      "p":0.6666666667,
      "r":0.8333333333,
      "f":0.7407407407
    },
    "expl":{
      "p":0.84,
      "r":0.875,
      "f":0.8571428571
    },
    "discourse":{
      "p":0.0,
      "r":0.0,
      "f":0.0
    },
    "list":{
      "p":0.6,
      "r":0.375,
      "f":0.4615384615
    },
    "parataxis":{
      "p":0.0,
      "r":0.0,
      "f":0.0
    },
    "orphan":{
      "p":0.0,
      "r":0.0,
      "f":0.0
    },
    "obl:lmod":{
      "p":0.0,
      "r":0.0,
      "f":0.0
    },
    "vocative":{
      "p":0.0,
      "r":0.0,
      "f":0.0
    }
  },
  "ents_p":0.7708894879,
  "ents_r":0.7647058824,
  "ents_f":0.7677852349,
  "ents_per_type":{
    "MISC":{
      "p":0.585106383,
      "r":0.7142857143,
      "f":0.6432748538
    },
    "PER":{
      "p":0.8194444444,
      "r":0.921875,
      "f":0.8676470588
    },
    "LOC":{
      "p":0.8571428571,
      "r":0.84375,
      "f":0.8503937008
    },
    "ORG":{
      "p":0.8428571429,
      "r":0.5619047619,
      "f":0.6742857143
    }
  },
  "speed":18380.5603897312
}