{
  "token_acc":0.9991230634,
  "token_p":0.9972230342,
  "token_r":0.9978063761,
  "token_f":0.9975146199,
  "tag_acc":0.986100951,
  "pos_acc":0.9856620337,
  "morph_acc":0.982078853,
  "morph_micro_p":0.9920616207,
  "morph_micro_r":0.9881781884,
  "morph_micro_f":0.9901160966,
  "morph_per_feat":{
    "NumType":{
      "p":0.9918032787,
      "r":0.9758064516,
      "f":0.9837398374
    },
    "Degree":{
      "p":0.9879518072,
      "r":0.968503937,
      "f":0.9781312127
    },
    "Number":{
      "p":0.9882352941,
      "r":0.9841004184,
      "f":0.986163522
    },
    "Definite":{
      "p":0.9910141207,
      "r":0.9809402795,
      "f":0.9859514687
    },
    "Gender":{
      "p":0.9858490566,
      "r":0.9796875,
      "f":0.9827586207
    },
    "Mood":{
      "p":1.0,
      "r":0.9986091794,
      "f":0.9993041058
    },
    "Tense":{
      "p":0.9898419865,
      "r":0.9965909091,
      "f":0.993204983
    },
    "VerbForm":{
      "p":0.9909502262,
      "r":0.9963603276,
      "f":0.9936479129
    },
    "Voice":{
      "p":0.9978471475,
      "r":0.9967741935,
      "f":0.9973103819
    },
    "AdpType":{
      "p":1.0,
      "r":0.9958791209,
      "f":0.9979353063
    },
    "PronType":{
      "p":0.9959893048,
      "r":0.9986595174,
      "f":0.9973226238
    },
    "Case":{
      "p":1.0,
      "r":0.9928229665,
      "f":0.9963985594
    },
    "Person":{
      "p":0.9974160207,
      "r":0.9948453608,
      "f":0.9961290323
    },
    "Number[psor]":{
      "p":1.0,
      "r":1.0,
      "f":1.0
    },
    "Poss":{
      "p":1.0,
      "r":1.0,
      "f":1.0
    },
    "PartType":{
      "p":1.0,
      "r":1.0,
      "f":1.0
    },
    "Reflex":{
      "p":1.0,
      "r":1.0,
      "f":1.0
    },
    "Style":{
      "p":1.0,
      "r":0.75,
      "f":0.8571428571
    },
    "Polite":{
      "p":0.0,
      "r":0.0,
      "f":0.0
    },
    "Foreign":{
      "p":1.0,
      "r":0.4,
      "f":0.5714285714
    }
  },
  "sents_p":0.9573934837,
  "sents_r":0.9646464646,
  "sents_f":0.9610062893,
  "dep_uas":0.9031541157,
  "dep_las":0.8752136752,
  "dep_las_per_type":{
    "nummod":{
      "p":0.8591549296,
      "r":0.7721518987,
      "f":0.8133333333
    },
    "amod":{
      "p":0.88,
      "r":0.8901734104,
      "f":0.8850574713
    },
    "nmod":{
      "p":0.7643097643,
      "r":0.7516556291,
      "f":0.7579298831
    },
    "nsubj":{
      "p":0.9435114504,
      "r":0.9464012251,
      "f":0.9449541284
    },
    "flat":{
      "p":0.936,
      "r":0.9435483871,
      "f":0.9397590361
    },
    "cc":{
      "p":0.8679245283,
      "r":0.8846153846,
      "f":0.8761904762
    },
    "conj":{
      "p":0.829787234,
      "r":0.8515283843,
      "f":0.8405172414
    },
    "root":{
      "p":0.9022556391,
      "r":0.9090909091,
      "f":0.9056603774
    },
    "advmod":{
      "p":0.8709677419,
      "r":0.8672376874,
      "f":0.8690987124
    },
    "mark":{
      "p":0.9351851852,
      "r":0.9294478528,
      "f":0.9323076923
    },
    "aux":{
      "p":0.9692982456,
      "r":0.9735682819,
      "f":0.9714285714
    },
    "ccomp":{
      "p":0.7096774194,
      "r":0.8,
      "f":0.7521367521
    },
    "case":{
      "p":0.9415481833,
      "r":0.9283489097,
      "f":0.9349019608
    },
    "det":{
      "p":0.9345238095,
      "r":0.9486404834,
      "f":0.9415292354
    },
    "obl":{
      "p":0.8421052632,
      "r":0.8091954023,
      "f":0.8253223916
    },
    "nmod:poss":{
      "p":0.8115942029,
      "r":0.8484848485,
      "f":0.8296296296
    },
    "obj":{
      "p":0.9075630252,
      "r":0.9152542373,
      "f":0.9113924051
    },
    "cop":{
      "p":0.8793103448,
      "r":0.8947368421,
      "f":0.8869565217
    },
    "acl:relcl":{
      "p":0.7678571429,
      "r":0.7107438017,
      "f":0.7381974249
    },
    "compound:prt":{
      "p":0.4838709677,
      "r":0.6,
      "f":0.5357142857
    },
    "advcl":{
      "p":0.7166666667,
      "r":0.7818181818,
      "f":0.747826087
    },
    "fixed":{
      "p":0.9302325581,
      "r":0.9523809524,
      "f":0.9411764706
    },
    "iobj":{
      "p":0.75,
      "r":0.6,
      "f":0.6666666667
    },
    "appos":{
      "p":0.619047619,
      "r":0.5909090909,
      "f":0.6046511628
    },
    "obl:tmod":{
      "p":0.8333333333,
      "r":0.3571428571,
      "f":0.5
    },
    "xcomp":{
      "p":0.8275862069,
      "r":0.5581395349,
      "f":0.6666666667
    },
    "dep":{
      "p":0.0909090909,
      "r":0.2631578947,
      "f":0.1351351351
    },
    "advmod:lmod":{
      "p":0.875,
      "r":0.7777777778,
      "f":0.8235294118
    },
    "expl":{
      "p":0.9130434783,
      "r":0.875,
      "f":0.8936170213
    },
    "list":{
      "p":0.3636363636,
      "r":0.25,
      "f":0.2962962963
    },
    "discourse":{
      "p":0.0,
      "r":0.0,
      "f":0.0
    },
    "obl:lmod":{
      "p":0.0,
      "r":0.0,
      "f":0.0
    },
    "parataxis":{
      "p":0.0,
      "r":0.0,
      "f":0.0
    },
    "orphan":{
      "p":0.0,
      "r":0.0,
      "f":0.0
    },
    "vocative":{
      "p":0.0,
      "r":0.0,
      "f":0.0
    }
  },
  "ents_p":0.825613079,
  "ents_r":0.8101604278,
  "ents_f":0.8178137652,
  "ents_per_type":{
    "MISC":{
      "p":0.7307692308,
      "r":0.7402597403,
      "f":0.735483871
    },
    "PER":{
      "p":0.8686131387,
      "r":0.9296875,
      "f":0.8981132075
    },
    "LOC":{
      "p":0.8550724638,
      "r":0.921875,
      "f":0.8872180451
    },
    "ORG":{
      "p":0.8192771084,
      "r":0.6476190476,
      "f":0.7234042553
    }
  },
  "speed":8471.6145284611
}