{
  "token_acc":0.9991230634,
  "token_p":0.9972230342,
  "token_r":0.9978063761,
  "token_f":0.9975146199,
  "tag_acc":0.983323581,
  "pos_acc":0.9836161498,
  "morph_acc":0.9788603613,
  "morph_micro_p":0.9897806776,
  "morph_micro_r":0.9857511939,
  "morph_micro_f":0.9877618263,
  "morph_per_feat":{
    "NumType":{
      "p":0.9917355372,
      "r":0.9677419355,
      "f":0.9795918367
    },
    "Degree":{
      "p":0.9820717131,
      "r":0.9704724409,
      "f":0.9762376238
    },
    "Number":{
      "p":0.9861286255,
      "r":0.9815899582,
      "f":0.9838540575
    },
    "Definite":{
      "p":0.9910313901,
      "r":0.9828462516,
      "f":0.9869218501
    },
    "Gender":{
      "p":0.9785564854,
      "r":0.9744791667,
      "f":0.9765135699
    },
    "Mood":{
      "p":0.9972183588,
      "r":0.9972183588,
      "f":0.9972183588
    },
    "Tense":{
      "p":0.9908987486,
      "r":0.9897727273,
      "f":0.9903354179
    },
    "VerbForm":{
      "p":0.9909008189,
      "r":0.9909008189,
      "f":0.9909008189
    },
    "Voice":{
      "p":0.9956989247,
      "r":0.9956989247,
      "f":0.9956989247
    },
    "AdpType":{
      "p":1.0,
      "r":0.9986263736,
      "f":0.9993127148
    },
    "PronType":{
      "p":0.9959731544,
      "r":0.9946380697,
      "f":0.9953051643
    },
    "Case":{
      "p":0.9975903614,
      "r":0.990430622,
      "f":0.993997599
    },
    "Person":{
      "p":0.9948320413,
      "r":0.9922680412,
      "f":0.9935483871
    },
    "Number[psor]":{
      "p":1.0,
      "r":1.0,
      "f":1.0
    },
    "Poss":{
      "p":1.0,
      "r":1.0,
      "f":1.0
    },
    "PartType":{
      "p":1.0,
      "r":0.9944134078,
      "f":0.9971988796
    },
    "Reflex":{
      "p":1.0,
      "r":1.0,
      "f":1.0
    },
    "Foreign":{
      "p":0.5,
      "r":0.2,
      "f":0.2857142857
    },
    "Style":{
      "p":1.0,
      "r":1.0,
      "f":1.0
    },
    "Polite":{
      "p":0.0,
      "r":0.0,
      "f":0.0
    },
    "Abbr":{
      "p":0.0,
      "r":0.0,
      "f":0.0
    }
  },
  "sents_p":0.9278606965,
  "sents_r":0.9419191919,
  "sents_f":0.9348370927,
  "dep_uas":0.9014879425,
  "dep_las":0.8732900137,
  "dep_las_per_type":{
    "nummod":{
      "p":0.8888888889,
      "r":0.8101265823,
      "f":0.8476821192
    },
    "amod":{
      "p":0.8761061947,
      "r":0.8583815029,
      "f":0.8671532847
    },
    "nmod":{
      "p":0.7420382166,
      "r":0.7715231788,
      "f":0.7564935065
    },
    "nsubj":{
      "p":0.9509202454,
      "r":0.9494640123,
      "f":0.9501915709
    },
    "flat":{
      "p":0.9344262295,
      "r":0.9193548387,
      "f":0.9268292683
    },
    "cc":{
      "p":0.8829268293,
      "r":0.8701923077,
      "f":0.8765133172
    },
    "conj":{
      "p":0.8347457627,
      "r":0.8602620087,
      "f":0.847311828
    },
    "root":{
      "p":0.9027431421,
      "r":0.9141414141,
      "f":0.9084065245
    },
    "advmod":{
      "p":0.8540772532,
      "r":0.852248394,
      "f":0.8531618435
    },
    "mark":{
      "p":0.9242424242,
      "r":0.9355828221,
      "f":0.9298780488
    },
    "aux":{
      "p":0.9734513274,
      "r":0.9691629956,
      "f":0.9713024283
    },
    "ccomp":{
      "p":0.7258064516,
      "r":0.8181818182,
      "f":0.7692307692
    },
    "case":{
      "p":0.9477020602,
      "r":0.9314641745,
      "f":0.9395129615
    },
    "det":{
      "p":0.9347181009,
      "r":0.9516616314,
      "f":0.9431137725
    },
    "obl":{
      "p":0.8442822384,
      "r":0.7977011494,
      "f":0.8203309693
    },
    "nmod:poss":{
      "p":0.8787878788,
      "r":0.8787878788,
      "f":0.8787878788
    },
    "obj":{
      "p":0.8861788618,
      "r":0.9237288136,
      "f":0.9045643154
    },
    "cop":{
      "p":0.8928571429,
      "r":0.8771929825,
      "f":0.8849557522
    },
    "acl:relcl":{
      "p":0.7079646018,
      "r":0.6611570248,
      "f":0.6837606838
    },
    "compound:prt":{
      "p":0.5454545455,
      "r":0.48,
      "f":0.5106382979
    },
    "advcl":{
      "p":0.7203389831,
      "r":0.7727272727,
      "f":0.7456140351
    },
    "fixed":{
      "p":0.9069767442,
      "r":0.9285714286,
      "f":0.9176470588
    },
    "iobj":{
      "p":0.7142857143,
      "r":0.5,
      "f":0.5882352941
    },
    "appos":{
      "p":0.6666666667,
      "r":0.6363636364,
      "f":0.6511627907
    },
    "dep":{
      "p":0.0877192982,
      "r":0.2631578947,
      "f":0.1315789474
    },
    "obl:tmod":{
      "p":0.5,
      "r":0.3571428571,
      "f":0.4166666667
    },
    "xcomp":{
      "p":0.9,
      "r":0.6279069767,
      "f":0.7397260274
    },
    "advmod:lmod":{
      "p":0.7837837838,
      "r":0.8055555556,
      "f":0.7945205479
    },
    "expl":{
      "p":0.9130434783,
      "r":0.875,
      "f":0.8936170213
    },
    "discourse":{
      "p":0.0,
      "r":0.0,
      "f":0.0
    },
    "list":{
      "p":0.4444444444,
      "r":0.25,
      "f":0.32
    },
    "parataxis":{
      "p":0.0,
      "r":0.0,
      "f":0.0
    },
    "orphan":{
      "p":0.0,
      "r":0.0,
      "f":0.0
    },
    "obl:lmod":{
      "p":0.0,
      "r":0.0,
      "f":0.0
    },
    "vocative":{
      "p":0.0,
      "r":0.0,
      "f":0.0
    }
  },
  "ents_p":0.8342541436,
  "ents_r":0.807486631,
  "ents_f":0.8206521739,
  "ents_per_type":{
    "MISC":{
      "p":0.7733333333,
      "r":0.7532467532,
      "f":0.7631578947
    },
    "PER":{
      "p":0.8923076923,
      "r":0.90625,
      "f":0.8992248062
    },
    "LOC":{
      "p":0.8028169014,
      "r":0.890625,
      "f":0.8444444444
    },
    "ORG":{
      "p":0.8255813953,
      "r":0.6761904762,
      "f":0.7434554974
    }
  },
  "speed":8822.1529418672
}