{
  "token_acc":0.9991230634,
  "token_p":0.9972230342,
  "token_r":0.9978063761,
  "token_f":0.9975146199,
  "tag_acc":0.967520117,
  "pos_acc":0.968766001,
  "morph_acc":0.9548679687,
  "morph_micro_p":0.9746176888,
  "morph_micro_r":0.9679793314,
  "morph_micro_f":0.9712871676,
  "morph_per_feat":{
    "NumType":{
      "p":0.9831932773,
      "r":0.9435483871,
      "f":0.962962963
    },
    "Degree":{
      "p":0.9404761905,
      "r":0.9330708661,
      "f":0.9367588933
    },
    "Number":{
      "p":0.9680940386,
      "r":0.9648535565,
      "f":0.9664710813
    },
    "Definite":{
      "p":0.9649681529,
      "r":0.9625158831,
      "f":0.963740458
    },
    "Gender":{
      "p":0.9627296588,
      "r":0.9552083333,
      "f":0.9589542484
    },
    "Mood":{
      "p":0.9874301676,
      "r":0.983310153,
      "f":0.9853658537
    },
    "Tense":{
      "p":0.9782359679,
      "r":0.9704545455,
      "f":0.9743297205
    },
    "VerbForm":{
      "p":0.9834558824,
      "r":0.9736123749,
      "f":0.9785093736
    },
    "Voice":{
      "p":0.9891891892,
      "r":0.9838709677,
      "f":0.9865229111
    },
    "AdpType":{
      "p":0.9986206897,
      "r":0.9945054945,
      "f":0.9965588438
    },
    "PronType":{
      "p":0.9811320755,
      "r":0.9758713137,
      "f":0.9784946237
    },
    "Case":{
      "p":0.9830508475,
      "r":0.971291866,
      "f":0.9771359807
    },
    "Person":{
      "p":0.9766233766,
      "r":0.9690721649,
      "f":0.9728331177
    },
    "Number[psor]":{
      "p":1.0,
      "r":0.9655172414,
      "f":0.9824561404
    },
    "Poss":{
      "p":1.0,
      "r":0.9655172414,
      "f":0.9824561404
    },
    "PartType":{
      "p":0.9944134078,
      "r":0.9944134078,
      "f":0.9944134078
    },
    "Reflex":{
      "p":1.0,
      "r":1.0,
      "f":1.0
    },
    "Style":{
      "p":1.0,
      "r":0.75,
      "f":0.8571428571
    },
    "Polite":{
      "p":0.0,
      "r":0.0,
      "f":0.0
    },
    "Foreign":{
      "p":1.0,
      "r":0.2,
      "f":0.3333333333
    }
  },
  "sents_p":0.9283887468,
  "sents_r":0.9166666667,
  "sents_f":0.9224904701,
  "dep_uas":0.8401709402,
  "dep_las":0.7902922577,
  "dep_las_per_type":{
    "nummod":{
      "p":0.7878787879,
      "r":0.6582278481,
      "f":0.7172413793
    },
    "amod":{
      "p":0.8221574344,
      "r":0.8150289017,
      "f":0.8185776488
    },
    "nmod":{
      "p":0.6170886076,
      "r":0.6456953642,
      "f":0.6310679612
    },
    "nsubj":{
      "p":0.9018691589,
      "r":0.886676876,
      "f":0.8942084942
    },
    "flat":{
      "p":0.9024390244,
      "r":0.8951612903,
      "f":0.8987854251
    },
    "cc":{
      "p":0.8605769231,
      "r":0.8605769231,
      "f":0.8605769231
    },
    "conj":{
      "p":0.7477477477,
      "r":0.7248908297,
      "f":0.7361419069
    },
    "root":{
      "p":0.8641025641,
      "r":0.851010101,
      "f":0.8575063613
    },
    "advmod":{
      "p":0.7290322581,
      "r":0.7259100642,
      "f":0.7274678112
    },
    "mark":{
      "p":0.8913043478,
      "r":0.8803680982,
      "f":0.8858024691
    },
    "aux":{
      "p":0.9336283186,
      "r":0.9295154185,
      "f":0.9315673289
    },
    "ccomp":{
      "p":0.6833333333,
      "r":0.7454545455,
      "f":0.7130434783
    },
    "case":{
      "p":0.8637059724,
      "r":0.8785046729,
      "f":0.871042471
    },
    "det":{
      "p":0.8888888889,
      "r":0.918429003,
      "f":0.9034175334
    },
    "obl":{
      "p":0.6914153132,
      "r":0.6850574713,
      "f":0.688221709
    },
    "nmod:poss":{
      "p":0.6714285714,
      "r":0.7121212121,
      "f":0.6911764706
    },
    "obj":{
      "p":0.7835616438,
      "r":0.8079096045,
      "f":0.7955493741
    },
    "cop":{
      "p":0.813559322,
      "r":0.8421052632,
      "f":0.8275862069
    },
    "acl:relcl":{
      "p":0.6055045872,
      "r":0.5454545455,
      "f":0.5739130435
    },
    "compound:prt":{
      "p":0.3846153846,
      "r":0.2,
      "f":0.2631578947
    },
    "advcl":{
      "p":0.6055045872,
      "r":0.6,
      "f":0.602739726
    },
    "fixed":{
      "p":0.9375,
      "r":0.7142857143,
      "f":0.8108108108
    },
    "iobj":{
      "p":0.6666666667,
      "r":0.2,
      "f":0.3076923077
    },
    "appos":{
      "p":0.3846153846,
      "r":0.4545454545,
      "f":0.4166666667
    },
    "dep":{
      "p":0.0263157895,
      "r":0.1052631579,
      "f":0.0421052632
    },
    "obl:tmod":{
      "p":0.3333333333,
      "r":0.2142857143,
      "f":0.2608695652
    },
    "xcomp":{
      "p":0.4857142857,
      "r":0.3953488372,
      "f":0.4358974359
    },
    "advmod:lmod":{
      "p":0.6315789474,
      "r":0.6666666667,
      "f":0.6486486486
    },
    "expl":{
      "p":0.9090909091,
      "r":0.8333333333,
      "f":0.8695652174
    },
    "list":{
      "p":0.3333333333,
      "r":0.3125,
      "f":0.3225806452
    },
    "discourse":{
      "p":0.0,
      "r":0.0,
      "f":0.0
    },
    "parataxis":{
      "p":0.0,
      "r":0.0,
      "f":0.0
    },
    "orphan":{
      "p":0.0,
      "r":0.0,
      "f":0.0
    },
    "obl:lmod":{
      "p":0.0,
      "r":0.0,
      "f":0.0
    },
    "vocative":{
      "p":0.0,
      "r":0.0,
      "f":0.0
    }
  },
  "ents_p":0.7521865889,
  "ents_r":0.6898395722,
  "ents_f":0.719665272,
  "ents_per_type":{
    "MISC":{
      "p":0.6212121212,
      "r":0.5324675325,
      "f":0.5734265734
    },
    "PER":{
      "p":0.8790322581,
      "r":0.8515625,
      "f":0.8650793651
    },
    "LOC":{
      "p":0.6842105263,
      "r":0.8125,
      "f":0.7428571429
    },
    "ORG":{
      "p":0.7272727273,
      "r":0.5333333333,
      "f":0.6153846154
    }
  },
  "speed":12021.1956836824
}