{
  "token_acc":0.9991230634,
  "token_p":0.9972230342,
  "token_r":0.9978063761,
  "token_f":0.9975146199,
  "tag_acc":0.9856620337,
  "pos_acc":0.9846401404,
  "morph_acc":0.9806187377,
  "morph_micro_p":0.9913440353,
  "morph_micro_r":0.9862992249,
  "morph_micro_f":0.9888151956,
  "morph_per_feat":{
    "NumType":{
      "p":0.9834710744,
      "r":0.9596774194,
      "f":0.9714285714
    },
    "Degree":{
      "p":0.9879275654,
      "r":0.9665354331,
      "f":0.9771144279
    },
    "Number":{
      "p":0.9890480202,
      "r":0.9824267782,
      "f":0.9857262804
    },
    "Definite":{
      "p":0.9872122762,
      "r":0.9809402795,
      "f":0.9840662843
    },
    "Gender":{
      "p":0.9874411303,
      "r":0.9828125,
      "f":0.9851213782
    },
    "Mood":{
      "p":1.0,
      "r":0.9972183588,
      "f":0.9986072423
    },
    "Tense":{
      "p":0.9897959184,
      "r":0.9920454545,
      "f":0.9909194098
    },
    "VerbForm":{
      "p":0.9918256131,
      "r":0.9936305732,
      "f":0.9927272727
    },
    "Voice":{
      "p":0.9978448276,
      "r":0.9956989247,
      "f":0.9967707212
    },
    "AdpType":{
      "p":1.0,
      "r":0.9958791209,
      "f":0.9979353063
    },
    "PronType":{
      "p":0.9932975871,
      "r":0.9932975871,
      "f":0.9932975871
    },
    "Case":{
      "p":0.9927710843,
      "r":0.985645933,
      "f":0.9891956783
    },
    "Person":{
      "p":0.992248062,
      "r":0.9896907216,
      "f":0.9909677419
    },
    "Number[psor]":{
      "p":0.9824561404,
      "r":0.9655172414,
      "f":0.9739130435
    },
    "Poss":{
      "p":1.0,
      "r":0.9827586207,
      "f":0.9913043478
    },
    "PartType":{
      "p":1.0,
      "r":1.0,
      "f":1.0
    },
    "Reflex":{
      "p":1.0,
      "r":1.0,
      "f":1.0
    },
    "Style":{
      "p":1.0,
      "r":0.25,
      "f":0.4
    },
    "Polite":{
      "p":0.0,
      "r":0.0,
      "f":0.0
    },
    "Foreign":{
      "p":1.0,
      "r":0.4,
      "f":0.5714285714
    }
  },
  "sents_p":0.9696202532,
  "sents_r":0.9671717172,
  "sents_f":0.9683944374,
  "dep_uas":0.8957495938,
  "dep_las":0.8656461131,
  "dep_las_per_type":{
    "nummod":{
      "p":0.8309859155,
      "r":0.746835443,
      "f":0.7866666667
    },
    "amod":{
      "p":0.8811594203,
      "r":0.8786127168,
      "f":0.8798842258
    },
    "nmod":{
      "p":0.7450980392,
      "r":0.7549668874,
      "f":0.75
    },
    "nsubj":{
      "p":0.9475308642,
      "r":0.9402756508,
      "f":0.9438893159
    },
    "flat":{
      "p":0.9430894309,
      "r":0.935483871,
      "f":0.9392712551
    },
    "cc":{
      "p":0.8803827751,
      "r":0.8846153846,
      "f":0.8824940048
    },
    "conj":{
      "p":0.8362831858,
      "r":0.8253275109,
      "f":0.8307692308
    },
    "root":{
      "p":0.8936708861,
      "r":0.8914141414,
      "f":0.8925410872
    },
    "advmod":{
      "p":0.8364389234,
      "r":0.8650963597,
      "f":0.8505263158
    },
    "mark":{
      "p":0.92,
      "r":0.9171779141,
      "f":0.9185867896
    },
    "aux":{
      "p":0.9561403509,
      "r":0.9603524229,
      "f":0.9582417582
    },
    "ccomp":{
      "p":0.7258064516,
      "r":0.8181818182,
      "f":0.7692307692
    },
    "case":{
      "p":0.9324960754,
      "r":0.9252336449,
      "f":0.9288506646
    },
    "det":{
      "p":0.9345238095,
      "r":0.9486404834,
      "f":0.9415292354
    },
    "obl":{
      "p":0.827014218,
      "r":0.8022988506,
      "f":0.8144690782
    },
    "nmod:poss":{
      "p":0.7464788732,
      "r":0.803030303,
      "f":0.7737226277
    },
    "obj":{
      "p":0.8873239437,
      "r":0.8898305085,
      "f":0.8885754584
    },
    "cop":{
      "p":0.8859649123,
      "r":0.8859649123,
      "f":0.8859649123
    },
    "acl:relcl":{
      "p":0.7980769231,
      "r":0.6859504132,
      "f":0.7377777778
    },
    "compound:prt":{
      "p":0.52,
      "r":0.52,
      "f":0.52
    },
    "advcl":{
      "p":0.6776859504,
      "r":0.7454545455,
      "f":0.70995671
    },
    "fixed":{
      "p":0.9473684211,
      "r":0.8571428571,
      "f":0.9
    },
    "iobj":{
      "p":0.5454545455,
      "r":0.6,
      "f":0.5714285714
    },
    "xcomp":{
      "p":0.7419354839,
      "r":0.5348837209,
      "f":0.6216216216
    },
    "appos":{
      "p":0.7368421053,
      "r":0.6363636364,
      "f":0.6829268293
    },
    "obl:tmod":{
      "p":0.6666666667,
      "r":0.4285714286,
      "f":0.5217391304
    },
    "dep":{
      "p":0.0769230769,
      "r":0.2105263158,
      "f":0.1126760563
    },
    "advmod:lmod":{
      "p":0.8787878788,
      "r":0.8055555556,
      "f":0.8405797101
    },
    "expl":{
      "p":0.875,
      "r":0.875,
      "f":0.875
    },
    "discourse":{
      "p":0.0,
      "r":0.0,
      "f":0.0
    },
    "list":{
      "p":0.3125,
      "r":0.3125,
      "f":0.3125
    },
    "parataxis":{
      "p":0.0,
      "r":0.0,
      "f":0.0
    },
    "orphan":{
      "p":0.0,
      "r":0.0,
      "f":0.0
    },
    "obl:lmod":{
      "p":0.0,
      "r":0.0,
      "f":0.0
    },
    "vocative":{
      "p":0.0,
      "r":0.0,
      "f":0.0
    }
  },
  "ents_p":0.8440111421,
  "ents_r":0.8101604278,
  "ents_f":0.826739427,
  "ents_per_type":{
    "MISC":{
      "p":0.7142857143,
      "r":0.6493506494,
      "f":0.6802721088
    },
    "PER":{
      "p":0.9153846154,
      "r":0.9296875,
      "f":0.9224806202
    },
    "LOC":{
      "p":0.890625,
      "r":0.890625,
      "f":0.890625
    },
    "ORG":{
      "p":0.8105263158,
      "r":0.7333333333,
      "f":0.77
    }
  },
  "speed":9126.5795362868
}